<?xml version="1.0" encoding="UTF-8"?>
<project-private xmlns="http://www.netbeans.org/ns/project-private/1">
    <editor-bookmarks xmlns="http://www.netbeans.org/ns/editor-bookmarks/2" lastBookmarkId="0"/>
    <open-files xmlns="http://www.netbeans.org/ns/projectui-open-files/2">
        <group>
            <file>file:/G:/My%20Drive/5to%20semestre/Topicos%20avanzados/UNIDAD%203/Programas/practicaLoteria/src/package1/Ventana.java</file>
            <file>file:/G:/My%20Drive/5to%20semestre/Topicos%20avanzados/UNIDAD%203/Programas/practicaLoteria/src/package1/HiloCartas.java</file>
        </group>
    </open-files>
</project-private>
